Name,Code,Expiry,Chart URL,Last Price,Change,High,Low,Open,Volume,Contract Code,Front Month,Product URL
30 DAY FEDERAL FUNDS FUTURES,ZQM6,JUN 2026,https://www.cmegroup.com/apps/cmegroup/widgets/productLibs/esignal-charts.html?type=p&code=ZQ&title=Chart%20-%20JUN%202026%2030%20Day%20Federal%20Funds&venue=0&monthYear=M6&year=2026&exchangeCode=XCBT&interval=1&dataWidget=true,96.495,-0.005,96.50,96.495,96.50,"1,152",ZQM6,false,https://www.cmegroup.com/markets/interest-rates/stirs/30-day-federal-fund.html
30 DAY FEDERAL FUNDS FUTURES,ZQN6,JUL 2026,https://www.cmegroup.com/apps/cmegroup/widgets/productLibs/esignal-charts.html?type=p&code=ZQ&title=Chart%20-%20JUL%202026%2030%20Day%20Federal%20Funds&venue=0&monthYear=N6&year=2026&exchangeCode=XCBT&interval=1&dataWidget=true,96.565,-0.01,96.575,96.565,96.57,"3,975",ZQN6,false,https://www.cmegroup.com/markets/interest-rates/stirs/30-day-federal-fund.html
30 DAY FEDERAL FUNDS FUTURES,ZQQ6,AUG 2026,https://www.cmegroup.com/apps/cmegroup/widgets/productLibs/esignal-charts.html?type=p&code=ZQ&title=Chart%20-%20AUG%202026%2030%20Day%20Federal%20Funds&venue=0&monthYear=Q6&year=2026&exchangeCode=XCBT&interval=1&dataWidget=true,96.64,-0.01,96.65,96.64,96.645,"1,473",ZQQ6,false,https://www.cmegroup.com/markets/interest-rates/stirs/30-day-federal-fund.html
30 DAY FEDERAL FUNDS FUTURES,ZQU6,SEP 2026,https://www.cmegroup.com/apps/cmegroup/widgets/productLibs/esignal-charts.html?type=p&code=ZQ&title=Chart%20-%20SEP%202026%2030%20Day%20Federal%20Funds&venue=0&monthYear=U6&year=2026&exchangeCode=XCBT&interval=1&dataWidget=true,96.685,-0.01,96.695,96.685,96.69,"1,538",ZQU6,false,https://www.cmegroup.com/markets/interest-rates/stirs/30-day-federal-fund.html
30 DAY FEDERAL FUNDS FUTURES,ZQV6,OCT 2026,https://www.cmegroup.com/apps/cmegroup/widgets/productLibs/esignal-charts.html?type=p&code=ZQ&title=Chart%20-%20OCT%202026%2030%20Day%20Federal%20Funds&venue=0&monthYear=V6&year=2026&exchangeCode=XCBT&interval=1&dataWidget=true,96.74,-0.015,96.755,96.74,96.75,"1,771",ZQV6,false,https://www.cmegroup.com/markets/interest-rates/stirs/30-day-federal-fund.html
30 DAY FEDERAL FUNDS FUTURES,ZQX6,NOV 2026,https://www.cmegroup.com/apps/cmegroup/widgets/productLibs/esignal-charts.html?type=p&code=ZQ&title=Chart%20-%20NOV%202026%2030%20Day%20Federal%20Funds&venue=0&monthYear=X6&year=2026&exchangeCode=XCBT&interval=1&dataWidget=true,96.79,-0.01,96.805,96.79,96.80,288,ZQX6,false,https://www.cmegroup.com/markets/interest-rates/stirs/30-day-federal-fund.html
30 DAY FEDERAL FUNDS FUTURES,ZQZ6,DEC 2026,https://www.cmegroup.com/apps/cmegroup/widgets/productLibs/esignal-charts.html?type=p&code=ZQ&title=Chart%20-%20DEC%202026%2030%20Day%20Federal%20Funds&venue=0&monthYear=Z6&year=2026&exchangeCode=XCBT&interval=1&dataWidget=true,96.825,-0.01,96.84,96.825,96.835,457,ZQZ6,false,https://www.cmegroup.com/markets/interest-rates/stirs/30-day-federal-fund.html
30 DAY FEDERAL FUNDS FUTURES,ZQF7,JAN 2027,https://www.cmegroup.com/apps/cmegroup/widgets/productLibs/esignal-charts.html?type=p&code=ZQ&title=Chart%20-%20JAN%202027%2030%20Day%20Federal%20Funds&venue=0&monthYear=F7&year=2027&exchangeCode=XCBT&interval=1&dataWidget=true,96.84,-0.01,96.855,96.835,96.85,909,ZQF7,false,https://www.cmegroup.com/markets/interest-rates/stirs/30-day-federal-fund.html
30 DAY FEDERAL FUNDS FUTURES,ZQG7,FEB 2027,https://www.cmegroup.com/apps/cmegroup/widgets/productLibs/esignal-charts.html?type=p&code=ZQ&title=Chart%20-%20FEB%202027%2030%20Day%20Federal%20Funds&venue=0&monthYear=G7&year=2027&exchangeCode=XCBT&interval=1&dataWidget=true,96.835,-0.015,96.85,96.835,96.85,310,ZQG7,false,https://www.cmegroup.com/markets/interest-rates/stirs/30-day-federal-fund.html
30 DAY FEDERAL FUNDS FUTURES,ZQH7,MAR 2027,https://www.cmegroup.com/apps/cmegroup/widgets/productLibs/esignal-charts.html?type=p&code=ZQ&title=Chart%20-%20MAR%202027%2030%20Day%20Federal%20Funds&venue=0&monthYear=H7&year=2027&exchangeCode=XCBT&interval=1&dataWidget=true,-,-,-,-,-,96,ZQH7,false,https://www.cmegroup.com/markets/interest-rates/stirs/30-day-federal-fund.html
30 DAY FEDERAL FUNDS FUTURES,ZQJ7,APR 2027,https://www.cmegroup.com/apps/cmegroup/widgets/productLibs/esignal-charts.html?type=p&code=ZQ&title=Chart%20-%20APR%202027%2030%20Day%20Federal%20Funds&venue=0&monthYear=J7&year=2027&exchangeCode=XCBT&interval=1&dataWidget=true,96.83,-0.015,96.845,96.83,96.84,454,ZQJ7,false,https://www.cmegroup.com/markets/interest-rates/stirs/30-day-federal-fund.html
30 DAY FEDERAL FUNDS FUTURES,ZQK7,MAY 2027,https://www.cmegroup.com/apps/cmegroup/widgets/productLibs/esignal-charts.html?type=p&code=ZQ&title=Chart%20-%20MAY%202027%2030%20Day%20Federal%20Funds&venue=0&monthYear=K7&year=2027&exchangeCode=XCBT&interval=1&dataWidget=true,96.83,-0.005,96.83,96.83,96.83,181,ZQK7,false,https://www.cmegroup.com/markets/interest-rates/stirs/30-day-federal-fund.html
30 DAY FEDERAL FUNDS FUTURES,ZQM7,JUN 2027,https://www.cmegroup.com/apps/cmegroup/widgets/productLibs/esignal-charts.html?type=p&code=ZQ&title=Chart%20-%20JUN%202027%2030%20Day%20Federal%20Funds&venue=0&monthYear=M7&year=2027&exchangeCode=XCBT&interval=1&dataWidget=true,96.83,-0.005,96.83,96.83,96.83,199,ZQM7,false,https://www.cmegroup.com/markets/interest-rates/stirs/30-day-federal-fund.html
30 DAY FEDERAL FUNDS FUTURES,ZQN7,JUL 2027,https://www.cmegroup.com/apps/cmegroup/widgets/productLibs/esignal-charts.html?type=p&code=ZQ&title=Chart%20-%20JUL%202027%2030%20Day%20Federal%20Funds&venue=0&monthYear=N7&year=2027&exchangeCode=XCBT&interval=1&dataWidget=true,-,-,-,-,-,0,ZQN7,false,https://www.cmegroup.com/markets/interest-rates/stirs/30-day-federal-fund.html
30 DAY FEDERAL FUNDS FUTURES,ZQQ7,AUG 2027,https://www.cmegroup.com/apps/cmegroup/widgets/productLibs/esignal-charts.html?type=p&code=ZQ&title=Chart%20-%20AUG%202027%2030%20Day%20Federal%20Funds&venue=0&monthYear=Q7&year=2027&exchangeCode=XCBT&interval=1&dataWidget=true,-,-,-,-,-,0,ZQQ7,false,https://www.cmegroup.com/markets/interest-rates/stirs/30-day-federal-fund.html
30 DAY FEDERAL FUNDS FUTURES,ZQU7,SEP 2027,https://www.cmegroup.com/apps/cmegroup/widgets/productLibs/esignal-charts.html?type=p&code=ZQ&title=Chart%20-%20SEP%202027%2030%20Day%20Federal%20Funds&venue=0&monthYear=U7&year=2027&exchangeCode=XCBT&interval=1&dataWidget=true,-,-,-,-,-,0,ZQU7,false,https://www.cmegroup.com/markets/interest-rates/stirs/30-day-federal-fund.html
30 DAY FEDERAL FUNDS FUTURES,ZQV7,OCT 2027,https://www.cmegroup.com/apps/cmegroup/widgets/productLibs/esignal-charts.html?type=p&code=ZQ&title=Chart%20-%20OCT%202027%2030%20Day%20Federal%20Funds&venue=0&monthYear=V7&year=2027&exchangeCode=XCBT&interval=1&dataWidget=true,-,-,-,-,-,0,ZQV7,false,https://www.cmegroup.com/markets/interest-rates/stirs/30-day-federal-fund.html
30 DAY FEDERAL FUNDS FUTURES,ZQX7,NOV 2027,https://www.cmegroup.com/apps/cmegroup/widgets/productLibs/esignal-charts.html?type=p&code=ZQ&title=Chart%20-%20NOV%202027%2030%20Day%20Federal%20Funds&venue=0&monthYear=X7&year=2027&exchangeCode=XCBT&interval=1&dataWidget=true,-,-,-,-,-,0,ZQX7,false,https://www.cmegroup.com/markets/interest-rates/stirs/30-day-federal-fund.html
30 DAY FEDERAL FUNDS FUTURES,ZQZ7,DEC 2027,https://www.cmegroup.com/apps/cmegroup/widgets/productLibs/esignal-charts.html?type=p&code=ZQ&title=Chart%20-%20DEC%202027%2030%20Day%20Federal%20Funds&venue=0&monthYear=Z7&year=2027&exchangeCode=XCBT&interval=1&dataWidget=true,-,-,-,-,-,0,ZQZ7,false,https://www.cmegroup.com/markets/interest-rates/stirs/30-day-federal-fund.html
30 DAY FEDERAL FUNDS FUTURES,ZQF8,JAN 2028,https://www.cmegroup.com/apps/cmegroup/widgets/productLibs/esignal-charts.html?type=p&code=ZQ&title=Chart%20-%20JAN%202028%2030%20Day%20Federal%20Funds&venue=0&monthYear=F8&year=2028&exchangeCode=XCBT&interval=1&dataWidget=true,-,-,-,-,-,0,ZQF8,false,https://www.cmegroup.com/markets/interest-rates/stirs/30-day-federal-fund.html
30 DAY FEDERAL FUNDS FUTURES,ZQG8,FEB 2028,https://www.cmegroup.com/apps/cmegroup/widgets/productLibs/esignal-charts.html?type=p&code=ZQ&title=Chart%20-%20FEB%202028%2030%20Day%20Federal%20Funds&venue=0&monthYear=G8&year=2028&exchangeCode=XCBT&interval=1&dataWidget=true,-,-,-,-,-,0,ZQG8,false,https://www.cmegroup.com/markets/interest-rates/stirs/30-day-federal-fund.html
30 DAY FEDERAL FUNDS FUTURES,ZQH8,MAR 2028,https://www.cmegroup.com/apps/cmegroup/widgets/productLibs/esignal-charts.html?type=p&code=ZQ&title=Chart%20-%20MAR%202028%2030%20Day%20Federal%20Funds&venue=0&monthYear=H8&year=2028&exchangeCode=XCBT&interval=1&dataWidget=true,-,-,-,-,-,0,ZQH8,false,https://www.cmegroup.com/markets/interest-rates/stirs/30-day-federal-fund.html
30 DAY FEDERAL FUNDS FUTURES,ZQJ8,APR 2028,https://www.cmegroup.com/apps/cmegroup/widgets/productLibs/esignal-charts.html?type=p&code=ZQ&title=Chart%20-%20APR%202028%2030%20Day%20Federal%20Funds&venue=0&monthYear=J8&year=2028&exchangeCode=XCBT&interval=1&dataWidget=true,-,-,-,-,-,0,ZQJ8,false,https://www.cmegroup.com/markets/interest-rates/stirs/30-day-federal-fund.html
30 DAY FEDERAL FUNDS FUTURES,ZQK8,MAY 2028,https://www.cmegroup.com/apps/cmegroup/widgets/productLibs/esignal-charts.html?type=p&code=ZQ&title=Chart%20-%20MAY%202028%2030%20Day%20Federal%20Funds&venue=0&monthYear=K8&year=2028&exchangeCode=XCBT&interval=1&dataWidget=true,-,-,-,-,-,0,ZQK8,false,https://www.cmegroup.com/markets/interest-rates/stirs/30-day-federal-fund.html
30 DAY FEDERAL FUNDS FUTURES,ZQM8,JUN 2028,https://www.cmegroup.com/apps/cmegroup/widgets/productLibs/esignal-charts.html?type=p&code=ZQ&title=Chart%20-%20JUN%202028%2030%20Day%20Federal%20Funds&venue=0&monthYear=M8&year=2028&exchangeCode=XCBT&interval=1&dataWidget=true,-,-,-,-,-,0,ZQM8,false,https://www.cmegroup.com/markets/interest-rates/stirs/30-day-federal-fund.html
30 DAY FEDERAL FUNDS FUTURES,ZQN8,JUL 2028,https://www.cmegroup.com/apps/cmegroup/widgets/productLibs/esignal-charts.html?type=p&code=ZQ&title=Chart%20-%20JUL%202028%2030%20Day%20Federal%20Funds&venue=0&monthYear=N8&year=2028&exchangeCode=XCBT&interval=1&dataWidget=true,-,-,-,-,-,0,ZQN8,false,https://www.cmegroup.com/markets/interest-rates/stirs/30-day-federal-fund.html
THREE-MONTH SOFR FUTURES,SR3M6,"FM
JUN 2026",https://www.cmegroup.com/apps/cmegroup/widgets/productLibs/esignal-charts.html?type=p&code=SR3&title=Chart%20-%20JUN%202026%20Three-Month%20SOFR&venue=0&monthYear=M6&year=2026&exchangeCode=XCME&interval=1&dataWidget=true,96.545,-0.005,96.56,96.545,96.555,"61,478",SR3M6,true,https://www.cmegroup.com/markets/interest-rates/stirs/three-month-sofr.html
THREE-MONTH SOFR FUTURES,SR3X5,NOV 2025,https://www.cmegroup.com/apps/cmegroup/widgets/productLibs/esignal-charts.html?type=p&code=SR3&title=Chart%20-%20NOV%202025%20Three-Month%20SOFR&venue=0&monthYear=X5&year=2025&exchangeCode=XCME&interval=1&dataWidget=true,-,-,-,-,-,0,SR3X5,false,https://www.cmegroup.com/markets/interest-rates/stirs/three-month-sofr.html
THREE-MONTH SOFR FUTURES,SR3Z5,DEC 2025,https://www.cmegroup.com/apps/cmegroup/widgets/productLibs/esignal-charts.html?type=p&code=SR3&title=Chart%20-%20DEC%202025%20Three-Month%20SOFR&venue=0&monthYear=Z5&year=2025&exchangeCode=XCME&interval=1&dataWidget=true,96.305,-0.0025,96.3075,96.305,96.3075,"2,773",SR3Z5,false,https://www.cmegroup.com/markets/interest-rates/stirs/three-month-sofr.html
THREE-MONTH SOFR FUTURES,SR3F6,JAN 2026,https://www.cmegroup.com/apps/cmegroup/widgets/productLibs/esignal-charts.html?type=p&code=SR3&title=Chart%20-%20JAN%202026%20Three-Month%20SOFR&venue=0&monthYear=F6&year=2026&exchangeCode=XCME&interval=1&dataWidget=true,96.325,-0.005,96.325,96.325,96.325,14,SR3F6,false,https://www.cmegroup.com/markets/interest-rates/stirs/three-month-sofr.html
THREE-MONTH SOFR FUTURES,SR3G6,FEB 2026,https://www.cmegroup.com/apps/cmegroup/widgets/productLibs/esignal-charts.html?type=p&code=SR3&title=Chart%20-%20FEB%202026%20Three-Month%20SOFR&venue=0&monthYear=G6&year=2026&exchangeCode=XCME&interval=1&dataWidget=true,-,-,-,-,-,0,SR3G6,false,https://www.cmegroup.com/markets/interest-rates/stirs/three-month-sofr.html
THREE-MONTH SOFR FUTURES,SR3H6,MAR 2026,https://www.cmegroup.com/apps/cmegroup/widgets/productLibs/esignal-charts.html?type=p&code=SR3&title=Chart%20-%20MAR%202026%20Three-Month%20SOFR&venue=0&monthYear=H6&year=2026&exchangeCode=XCME&interval=1&dataWidget=true,96.375,UNCH,96.38,96.37,96.375,"37,985",SR3H6,false,https://www.cmegroup.com/markets/interest-rates/stirs/three-month-sofr.html
30 DAY FEDERAL FUNDS FUTURES,ZQF6,JAN 2026,https://www.cmegroup.com/apps/cmegroup/widgets/productLibs/esignal-charts.html?type=p&code=ZQ&title=Chart%20-%20JAN%202026%2030%20Day%20Federal%20Funds&venue=0&monthYear=F6&year=2026&exchangeCode=XCBT&interval=1&dataWidget=true,96.3625,+0.0025,96.3625,96.36,96.3625,887,ZQF6,false,https://www.cmegroup.com/markets/interest-rates/stirs/30-day-federal-fund.html
30 DAY FEDERAL FUNDS FUTURES,ZQG6,FEB 2026,https://www.cmegroup.com/apps/cmegroup/widgets/productLibs/esignal-charts.html?type=p&code=ZQ&title=Chart%20-%20FEB%202026%2030%20Day%20Federal%20Funds&venue=0&monthYear=G6&year=2026&exchangeCode=XCBT&interval=1&dataWidget=true,96.37,UNCH,96.37,96.365,96.365,"2,879",ZQG6,false,https://www.cmegroup.com/markets/interest-rates/stirs/30-day-federal-fund.html
30 DAY FEDERAL FUNDS FUTURES,ZQH6,MAR 2026,https://www.cmegroup.com/apps/cmegroup/widgets/productLibs/esignal-charts.html?type=p&code=ZQ&title=Chart%20-%20MAR%202026%2030%20Day%20Federal%20Funds&venue=0&monthYear=H6&year=2026&exchangeCode=XCBT&interval=1&dataWidget=true,96.385,UNCH,96.385,96.385,96.385,"2,203",ZQH6,false,https://www.cmegroup.com/markets/interest-rates/stirs/30-day-federal-fund.html
30 DAY FEDERAL FUNDS FUTURES,ZQJ6,APR 2026,https://www.cmegroup.com/apps/cmegroup/widgets/productLibs/esignal-charts.html?type=p&code=ZQ&title=Chart%20-%20APR%202026%2030%20Day%20Federal%20Funds&venue=0&monthYear=J6&year=2026&exchangeCode=XCBT&interval=1&dataWidget=true,96.405,UNCH,96.405,96.405,96.405,"5,624",ZQJ6,false,https://www.cmegroup.com/markets/interest-rates/stirs/30-day-federal-fund.html
30 DAY FEDERAL FUNDS FUTURES,ZQK6,MAY 2026,https://www.cmegroup.com/apps/cmegroup/widgets/productLibs/esignal-charts.html?type=p&code=ZQ&title=Chart%20-%20MAY%202026%2030%20Day%20Federal%20Funds&venue=0&monthYear=K6&year=2026&exchangeCode=XCBT&interval=1&dataWidget=true,96.44,-0.005,96.445,96.44,96.445,"3,362",ZQK6,false,https://www.cmegroup.com/markets/interest-rates/stirs/30-day-federal-fund.html
30 DAY FEDERAL FUNDS FUTURES,ZQM6,"FM
JUN 2026",https://www.cmegroup.com/apps/cmegroup/widgets/productLibs/esignal-charts.html?type=p&code=ZQ&title=Chart%20-%20JUN%202026%2030%20Day%20Federal%20Funds&venue=0&monthYear=M6&year=2026&exchangeCode=XCBT&interval=1&dataWidget=true,96.495,-0.005,96.50,96.495,96.50,"1,152",ZQM6,true,https://www.cmegroup.com/markets/interest-rates/stirs/30-day-federal-fund.html
